,,,,,,,,,,,,,,,,,,,,,,**END**
,,,,,,,,,Key Database,,,,,,,,,,,,,**END**
Key Set ID,Description,CVV Part One,CVV Part Two,CVV2 Part One,CVV2 Part Two,KEK Part One,KEK Part Two,PPK Part One,PPK Part Two,MAC Key Part One,MAC Key Part Two,PVV Key Part One,PVV Key Part Two,Base Key Part I,Base Key Part II,IVCVC3 Track1,IVCVC3 Track2,EMV2000MKPartOne,EMV2000MKPartTwo,IV Key,IV key part 2,**END**
NO_KEY,,1234567890ABCDEF,1234567890ABCDEF,1234567890ABCDEF,1234567890ABCDEF,1234567890ABCDEF,1234567890ABCDEF,**NOVALUE**,**NOVALUE**,**NOVALUE**,**NOVALUE**,1234567890ABCDEF,1234567890ABCDEF,0123456789ABCDEF,0123456789ABCDEF,0000,0000,**NOVALUE**,**NOVALUE**,**NOVALUE**,**NOVALUE**,**END**
1,Key1,1234567890ABCDEF,1234567890ABCDEF,1234567890ABCDEF,1234567890ABCDEF,1234567890ABCDEF,1234567890ABCDEF,0123456789ABCDEF,FEDCBA9876543210,5757575757575757,**NOVALUE**,1234567890ABCDEF,1234567890ABCDEF,1010101010101010,2323232323232323,0000,0000,1A1A1A1A1A1A1A1A,2A2A2A2A2A2A2A2A,ABCDEF0429481490,ABCDEF1163359359,**END**
2,Key 2,1234567890ABCDEF,1234567890ABCDEF,1234567890ABCDEF,1234567890ABCDEF,1234567890ABCDEF,1234567890ABCDEF,0123456789ABCDEF,FEDCBA9876543210,5757575757575757,**NOVALUE**,1234567890ABCDEF,1234567890ABCDEF,1010101010101010,2323232323232323,0000,0000,ABCDEF0429481490,ABCDEF1163359359,ABCDEF0429481490,ABCDEF1163359359,**END**
